Name,Short description,Start point,End point,Length,Difficulty,Season,Point of interest,interactive activity,Duration,True\False Tag,Possibility of entering the water,Suitable for families,Suitable for bicycles,Circular,Suitable for disabled / baby strollers
שבילי יער רמת אלון,,,,,,,,,,,,,,,
ואדי בן דור,,,,,,,,,,,,,,,
ואדי שנק,,,,,,,,,,,,,,,
שביל סובב סביוני דניה,,,,,,,,,,,,,,,
שביל התצפית,,,,,,,,,,,,,,,
שביל העץ הקסום והחיבור לפארק הגשרים התלויים,,,,,,,,,,,,,,,
ואדי לטם,,,,,,,,,,,,,,,
גן האם,,,,,,,,,,,,,,,
נחל לטם,,,,,,,,,,,,,,,
גן אופירה נבון,,,,,,,,,,,,,,,
גבעת העיזים ,,,,,,,,,,,,,,,
וואדי עמירם,,,,,,,,,,,,,,,
המחצבה,,,,,,,,,,,,,,,
המערות,,,,,,,,,,,,,,,
שביל עמירם,,,,,,,,,,,,,,,
אדי עובדיה,,,,,,,,,,,,,,,
שביל הטרסות,,,,,,,,,,,,,,,
מערת עובדיה,,,,,,,,,,,,,,,
נחל סעדיה,,,,,,,,,,,,,,,
הגשר התורכי,,,,,,,,,,,,,,,
המעיינות,,,,,,,,,,,,,,,
